{"v":"5.6.10","fr":60,"ip":0,"op":108,"w":212,"h":151,"nm":"普通试用超会BG","ddd":0,"assets":[{"id":"image_0","w":663,"h":522,"u":"","p":"trial_pack_line_vip.tiff","e":0},{"id":"comp_0","layers":[{"ddd":0,"ind":1,"ty":4,"nm":"形状","sr":1,"ks":{"o":{"a":0,"k":100,"ix":11},"r":{"a":0,"k":-10,"ix":10},"p":{"a":0,"k":[19.602,21.412,0],"ix":2},"a":{"a":0,"k":[0,0,0],"ix":1},"s":{"a":0,"k":[100,100,100],"ix":6}},"ao":0,"shapes":[{"ty":"gr","it":[{"ind":0,"ty":"sh","ix":1,"ks":{"a":0,"k":{"i":[[0.32,-0.31],[2.01,-0.93],[2.66,0.08],[0.12,-0.16],[0,0],[1.53,0.23],[0.98,0.19],[0,0],[-0.65,0.81],[-0.51,0.62],[0,0],[0.17,0.23],[0,0],[-0.32,1.52],[-0.49,0.62],[0.16,0.17],[0.83,0.93],[-1.02,0.26],[0,0],[0,0],[0,0],[-1.06,-1.01],[-0.54,-0.64],[-0.16,0.01],[-2.64,-1.19],[-1.29,-1.01],[-0.49,-0.67],[0,0],[0.13,-0.19],[0,0]],"o":[[-1.59,1.54],[-2.41,1.1],[-0.22,-0.01],[0,0],[-0.96,1.23],[-0.98,-0.14],[0,0],[-1.03,-0.2],[0.5,-0.62],[0,0],[0.19,-0.23],[0,0],[-0.97,-1.21],[0.16,-0.78],[0.15,-0.18],[-0.84,-0.91],[-0.69,-0.77],[0,0],[0,0],[0,0],[1.43,-0.34],[0.61,0.58],[0.1,0.13],[2.9,-0.2],[1.5,0.68],[0.65,0.51],[0,0],[0.12,0.17],[0,0],[-0.26,0.36]],"v":[[15.023,1.103],[9.603,4.773],[2.013,6.383],[1.523,6.613],[0.273,8.183],[-3.487,9.713],[-6.427,9.203],[-8.377,8.823],[-9.177,6.693],[-7.667,4.843],[-6.757,3.753],[-6.727,3.213],[-6.867,3.023],[-7.877,-1.067],[-6.857,-3.157],[-6.887,-3.617],[-9.407,-6.377],[-8.697,-8.557],[-7.967,-8.737],[-6.517,-9.077],[-4.177,-9.637],[-0.397,-8.647],[1.263,-6.737],[1.623,-6.557],[9.913,-4.947],[14.093,-2.417],[15.843,-0.677],[15.963,-0.487],[15.943,-0.037],[15.863,0.083]],"c":true},"ix":2},"nm":"路径 1","mn":"ADBE Vector Shape - Group","hd":false},{"ind":1,"ty":"sh","ix":2,"ks":{"a":0,"k":{"i":[[0,0],[1.32,1.31],[1.55,-1.54],[-1.33,-1.3],[-1.4,1.22]],"o":[[1.33,-1.34],[-1.37,-1.37],[-1.3,1.29],[1.34,1.32],[0,0]],"v":[[7.931,2.35],[7.941,-2.56],[2.841,-2.54],[2.911,2.39],[7.741,2.53]],"c":true},"ix":2},"nm":"路径 2","mn":"ADBE Vector Shape - Group","hd":false},{"ind":2,"ty":"sh","ix":3,"ks":{"a":0,"k":{"i":[[0,0],[0.17,-0.41],[-0.55,-1.62],[-0.19,-0.33],[0.68,-0.04],[0,0],[0.16,0.31],[-0.22,0.27],[0,0],[0.25,0.12],[0,0],[0.09,0.26],[-0.38,0.22],[0,0],[0.16,0.15],[0,0],[0.16,0.17],[-0.12,0.32],[-0.32,0.02],[-1.05,0.06],[-0.12,-0.08]],"o":[[0.29,0.27],[-0.66,1.57],[0.12,0.36],[0.33,0.59],[0,0],[-0.33,0.02],[-0.17,-0.32],[0,0],[0.24,-0.27],[0,0],[-0.23,-0.1],[-0.12,-0.36],[0,0],[0.27,-0.15],[0,0],[-0.16,-0.15],[-0.24,-0.23],[0.12,-0.31],[1.04,-0.06],[0.17,-0.01],[0,0]],"v":[[-9.664,-3.832],[-9.494,-2.872],[-9.654,1.918],[-9.184,2.948],[-9.844,4.148],[-12.864,4.308],[-13.624,3.928],[-13.524,3.048],[-13.094,2.548],[-13.084,2.128],[-15.494,1.078],[-16.004,0.588],[-15.604,-0.332],[-13.364,-1.612],[-13.204,-1.952],[-13.324,-2.072],[-13.824,-2.542],[-14.014,-3.372],[-13.334,-3.852],[-10.194,-4.022],[-9.754,-3.912]],"c":true},"ix":2},"nm":"路径 3","mn":"ADBE Vector Shape - Group","hd":false},{"ty":"mm","mm":1,"nm":"合并路径 1","mn":"ADBE Vector Filter - Merge","hd":false},{"ty":"fl","c":{"a":0,"k":[0.180392161012,0.164705887437,0.152941182256,1],"ix":4},"o":{"a":0,"k":100,"ix":5},"r":1,"bm":0,"nm":"填充 1","mn":"ADBE Vector Graphic - Fill","hd":false},{"ty":"tr","p":{"a":0,"k":[0,0],"ix":2},"a":{"a":0,"k":[0,0],"ix":1},"s":{"a":0,"k":[100,100],"ix":3},"r":{"a":0,"k":0,"ix":6},"o":{"a":0,"k":100,"ix":7},"sk":{"a":0,"k":0,"ix":4},"sa":{"a":0,"k":0,"ix":5},"nm":"变换"}],"nm":"形状","np":5,"cix":2,"bm":0,"ix":1,"mn":"ADBE Vector Group","hd":false}],"ip":0,"op":300,"st":0,"bm":0},{"ddd":0,"ind":2,"ty":4,"nm":"椭圆形","sr":1,"ks":{"o":{"a":0,"k":100,"ix":11},"r":{"a":0,"k":-10,"ix":10},"p":{"a":0,"k":[24.886,20.445,0],"ix":2},"a":{"a":0,"k":[0,0,0],"ix":1},"s":{"a":0,"k":[100,100,100],"ix":6}},"ao":0,"shapes":[{"ty":"gr","it":[{"ind":0,"ty":"sh","ix":1,"ks":{"a":0,"k":{"i":[[-1.1,0],[0,1.1],[1.1,0],[0,-1.1]],"o":[[1.1,0],[0,-1.1],[-1.1,0],[0,1.1]],"v":[[0,2],[2,0],[0,-2],[-2,0]],"c":true},"ix":2},"nm":"路径 1","mn":"ADBE Vector Shape - Group","hd":false},{"ty":"fl","c":{"a":0,"k":[0.960784316063,0.843137264252,0.635294139385,1],"ix":4},"o":{"a":0,"k":100,"ix":5},"r":1,"bm":0,"nm":"填充 1","mn":"ADBE Vector Graphic - Fill","hd":false},{"ty":"tr","p":{"a":0,"k":[0,0],"ix":2},"a":{"a":0,"k":[0,0],"ix":1},"s":{"a":0,"k":[100,100],"ix":3},"r":{"a":0,"k":0,"ix":6},"o":{"a":0,"k":100,"ix":7},"sk":{"a":0,"k":0,"ix":4},"sa":{"a":0,"k":0,"ix":5},"nm":"变换"}],"nm":"椭圆形","np":2,"cix":2,"bm":0,"ix":1,"mn":"ADBE Vector Group","hd":false}],"ip":0,"op":300,"st":0,"bm":0},{"ddd":0,"ind":3,"ty":4,"nm":"椭圆形","sr":1,"ks":{"o":{"a":0,"k":100,"ix":11},"r":{"a":0,"k":-10,"ix":10},"p":{"a":0,"k":[24.932,20.469,0],"ix":2},"a":{"a":0,"k":[0,0,0],"ix":1},"s":{"a":0,"k":[100,100,100],"ix":6}},"ao":0,"shapes":[{"ty":"gr","it":[{"d":1,"ty":"el","s":{"a":0,"k":[9,9],"ix":2},"p":{"a":0,"k":[0,0],"ix":3},"nm":"椭圆路径 1","mn":"ADBE Vector Shape - Ellipse","hd":false},{"ty":"fl","c":{"a":0,"k":[0.823529422283,0.560784339905,0.298039227724,1],"ix":4},"o":{"a":0,"k":100,"ix":5},"r":1,"bm":0,"nm":"填充 1","mn":"ADBE Vector Graphic - Fill","hd":false},{"ty":"tr","p":{"a":0,"k":[0,0],"ix":2},"a":{"a":0,"k":[0,0],"ix":1},"s":{"a":0,"k":[100,100],"ix":3},"r":{"a":0,"k":0,"ix":6},"o":{"a":0,"k":100,"ix":7},"sk":{"a":0,"k":0,"ix":4},"sa":{"a":0,"k":0,"ix":5},"nm":"变换"}],"nm":"椭圆形","np":2,"cix":2,"bm":0,"ix":1,"mn":"ADBE Vector Group","hd":false}],"ip":0,"op":300,"st":0,"bm":0}]}],"layers":[{"ddd":0,"ind":1,"ty":0,"nm":"小火箭","refId":"comp_0","sr":1,"ks":{"o":{"a":1,"k":[{"i":{"x":[0.667],"y":[1]},"o":{"x":[0.333],"y":[0]},"t":0,"s":[0]},{"t":11,"s":[100]}],"ix":11},"r":{"a":1,"k":[{"i":{"x":[0.667],"y":[0.264]},"o":{"x":[0.333],"y":[0]},"t":11,"s":[0]},{"i":{"x":[0.667],"y":[1]},"o":{"x":[0.333],"y":[0.284]},"t":25,"s":[-15.576]},{"i":{"x":[0.667],"y":[1]},"o":{"x":[0.333],"y":[0]},"t":30,"s":[-30]},{"i":{"x":[0.667],"y":[0.579]},"o":{"x":[0.333],"y":[0]},"t":44,"s":[-48]},{"i":{"x":[0.667],"y":[0.365]},"o":{"x":[0.333],"y":[0.359]},"t":58,"s":[-29.149]},{"i":{"x":[0.667],"y":[1]},"o":{"x":[0.333],"y":[1.343]},"t":70,"s":[-10.208]},{"t":81,"s":[-2]}],"ix":10},"p":{"a":1,"k":[{"i":{"x":0.667,"y":0.52},"o":{"x":0.333,"y":0},"t":11,"s":[85,112,0],"to":[11.064,1.002,0],"ti":[-23.348,33.55,0]},{"i":{"x":0.667,"y":1},"o":{"x":0.333,"y":0.5},"t":47,"s":[143.872,72.753,0],"to":[20.786,-29.868,0],"ti":[-3.629,0.919,0]},{"t":81,"s":[195.75,32.5,0]}],"ix":2},"a":{"a":0,"k":[20,20,0],"ix":1},"s":{"a":0,"k":[100,100,100],"ix":6}},"ao":0,"w":40,"h":40,"ip":0,"op":300,"st":0,"bm":0},{"ddd":0,"ind":2,"ty":2,"nm":"位图","refId":"image_0","sr":1,"ks":{"o":{"a":0,"k":100,"ix":11},"r":{"a":0,"k":0,"ix":10},"p":{"a":0,"k":[109.45,64.7,0],"ix":2},"a":{"a":0,"k":[331.5,261,0],"ix":1},"s":{"a":0,"k":[33,33,100],"ix":6}},"ao":0,"ip":0,"op":300,"st":0,"bm":0}],"markers":[]}
